# MySQL DDL

## 插入

语法：

```
INSERT INTO table_name ( field1, field2,...fieldN )
                       VALUES
                       ( value1, value2,...valueN );
```

```
mysql> use TUTORIALS;
Database changed
mysql> INSERT INTO tutorials_tbl 
     ->(tutorial_title, tutorial_author, submission_date)
     ->VALUES
     ->("Learn PHP", "John Poul", NOW());
Query OK, 1 row affected (0.01 sec)
mysql> INSERT INTO tutorials_tbl
     ->(tutorial_title, tutorial_author, submission_date)
     ->VALUES
     ->("Learn MySQL", "Abdul S", NOW());
Query OK, 1 row affected (0.01 sec)
mysql> INSERT INTO tutorials_tbl
     ->(tutorial_title, tutorial_author, submission_date)
     ->VALUES
     ->("JAVA Tutorial", "Sanjay", '2007-05-06');
Query OK, 1 row affected (0.01 sec)
```

## 查询

语法：

```
SELECT field1, field2,...fieldN table_name1, table_name2...  
[WHERE Clause]  
[OFFSET M ][LIMIT N]  
```

+ 可以通过逗号分隔一个或多个表，利用 WHERE 子句包含进多种条件，但 WHERE 子句并不是 SELECT 命令的可选部分。
+ 可以在一个 SELECT 命令中获取一个或多个字段。
+ 可以用星型符号（*）代替字段。这时，SELECT 将返回所有字段。
+ 可以使用 WHERE 子句指定任何条件。
+ 在 SELECT 将要返回记录的位置处，使用 OFFSET 可以指定一个偏移。默认偏移为0。
+ 可以使用 LIMIT 属性来限制返回记录的数量。

```
mysql> SELECT * from tutorials_tbl 
+-------------+----------------+-----------------+-----------------+
| tutorial_id | tutorial_title | tutorial_author | submission_date |
+-------------+----------------+-----------------+-----------------+
|           1 | Learn PHP      | John Poul       | 2007-05-21      |
|           2 | Learn MySQL    | Abdul S         | 2007-05-21      |
|           3 | JAVA Tutorial  | Sanjay          | 2007-05-21      |
+-------------+----------------+-----------------+-----------------+
3 rows in set (0.01 sec)
```

## where 条件

语法：

```
SELECT field1, field2,...fieldN table_name1, table_name2...
[WHERE condition1 [AND [OR]] condition2.....
```

+ 可以使用逗号分隔一个或多个表，从而在使用 WHERE 子句时，包含多个条件。但是 WHERE 子句并非 SELECT 命令的一个可选部分。
+ 可以在使用 WHERE 子句时指定任何条件。
+ 可以通过 AND 或 OR 运算符来指定一个或多个条件。
+ WHERE 子句可以和 DELETE 或 UPDATE 命令一起使用，同样是用于指定条件。

```
mysql> SELECT * from tutorials_tbl WHERE tutorial_author='Sanjay';
+-------------+----------------+-----------------+-----------------+
| tutorial_id | tutorial_title | tutorial_author | submission_date |
+-------------+----------------+-----------------+-----------------+
|           3 | JAVA Tutorial  | Sanjay          | 2007-05-21      |
+-------------+----------------+-----------------+-----------------+
1 rows in set (0.01 sec)
```

除非对字符串采用 LIKE 比对，否则默认比对是不区分大小写的。要想让搜索对大小写敏感，可以如下例一般，使用 BINARY 关键字。

```
mysql> SELECT * from tutorials_tbl \
          WHERE BINARY tutorial_author='sanjay';
Empty set (0.02 sec)
```

## 更新

语法：

```
UPDATE table_name SET field1=new-value1, field2=new-value2
[WHERE Clause]
```

+ 可以一起更新一个或多个字段。
+ 可以使用 WHERE 子句指定任意条件。
+ 可以每次仅更新一张表中的数值。

```
mysql> UPDATE tutorials_tbl 
    -> SET tutorial_title='Learning JAVA' 
    -> WHERE tutorial_id=3;
Query OK, 1 row affected (0.04 sec)
Rows matched: 1  Changed: 1  Warnings: 0
```

## 删除

语法：

```
DELETE FROM table_name [WHERE Clause]
```

+ 如果未指定 WHERE 子句，将删除指定表中的所有记录。
+ 可以在 WHERE 子句中指定任意条件。
+ 可以一次删除一张表中的所有记录。

```
mysql> DELETE FROM tutorials_tbl WHERE tutorial_id=3;
Query OK, 1 row affected (0.23 sec)
```

## like 模糊查询

语法：

```
SELECT field1, field2,...fieldN table_name1, table_name2...
WHERE field1 LIKE condition1 [AND [OR]] filed2 = 'somevalue'
```

+ 可以使用 WHERE 子句来指定任何条件。
+ 可以搭配使用 LIKE 子句与 WHERE 子句。
+ LIKE 子句可以代替WHERE子句中的等号。
+ 当 LIKE 子句带有 百分号（%）时，会按照元字符搜索那样执行。
+ 使用 AND 或 OR 运算符，可以指定一个或多个条件。
+ WHERE...LIKE 子句组合还可以搭配 DELETE 或UPDATE 这样的 SQL 命令一起使用。其中，WHERE…LIKE 子句组合的作用同样是指定条件。

```
mysql> SELECT * from tutorials_tbl 
    -> WHERE tutorial_author LIKE '%jay';
+-------------+----------------+-----------------+-----------------+
| tutorial_id | tutorial_title | tutorial_author | submission_date |
+-------------+----------------+-----------------+-----------------+
|           3 | JAVA Tutorial  | Sanjay          | 2007-05-21      |
+-------------+----------------+-----------------+-----------------+
1 rows in set (0.01 sec)
```

## order by 排序

语法：

```
SELECT field1, field2,...fieldN table_name1, table_name2...
ORDER BY field1, [field2...] [ASC [DESC]]
```

+ 可以对列出的任何字段的返回结果进行排序。
+  可以对多个字段的返回结果进行排序。
+  可以使用关键字 ASC 或 DESC ，以升降序对结果进行排序。默认是采用升序排序。
+  通常可使用 WHERE...LIKE 子句设置条件。

```
mysql> SELECT * from tutorials_tbl ORDER BY tutorial_author ASC
+-------------+----------------+-----------------+-----------------+
| tutorial_id | tutorial_title | tutorial_author | submission_date |
+-------------+----------------+-----------------+-----------------+
|           2 | Learn MySQL    | Abdul S         | 2007-05-24      |
|           1 | Learn PHP      | John Poul       | 2007-05-24      |
|           3 | JAVA Tutorial  | Sanjay          | 2007-05-06      |
+-------------+----------------+-----------------+-----------------+
3 rows in set (0.42 sec)
```

## 表连接 join


```
mysql> SELECT * FROM tcount_tbl;
+-----------------+----------------+
| tutorial_author | tutorial_count |
+-----------------+----------------+
| mahran          |             20 |
| mahnaz          |           NULL |
| Jen             |           NULL |
| Gill            |             20 |
| John Poul       |              1 |
| Sanjay          |              1 |
+-----------------+----------------+
6 rows in set (0.01 sec)
mysql> SELECT * from tutorials_tbl;
+-------------+----------------+-----------------+-----------------+
| tutorial_id | tutorial_title | tutorial_author | submission_date |
+-------------+----------------+-----------------+-----------------+
|           1 | Learn PHP      | John Poul       | 2007-05-24      |
|           2 | Learn MySQL    | Abdul S         | 2007-05-24      |
|           3 | JAVA Tutorial  | Sanjay          | 2007-05-06      |
+-------------+----------------+-----------------+-----------------+
3 rows in set (0.00 sec)
mysql> SELECT a.tutorial_id, a.tutorial_author, b.tutorial_count
    -> FROM tutorials_tbl a, tcount_tbl b
    -> WHERE a.tutorial_author = b.tutorial_author;
+-------------+-----------------+----------------+
| tutorial_id | tutorial_author | tutorial_count |
+-------------+-----------------+----------------+
|           1 | John Poul       |              1 |
|           3 | Sanjay          |              1 |
+-------------+-----------------+----------------+
2 rows in set (0.01 sec)
```

## Null value

+ IS NULL：如果列值为 NULL，则该运算符返回 true。
+ IS NOT NULL：如果列值不为NULL，则该运算符返回 true。
+ <=>：该运算符用于两个值的对比，当两个值相等时（即使这两个值都为 NULL 时，这一点与 = 运算符不同）返回 true。

你会发现 = 和 != 并不适用于 NULL 值。
```
mysql> SELECT * FROM tcount_tbl WHERE tutorial_count = NULL;
Empty set (0.00 sec)
mysql> SELECT * FROM tcount_tbl WHERE tutorial_count != NULL;
Empty set (0.01 sec)

mysql> SELECT * FROM tcount_tbl 
    -> WHERE tutorial_count IS NULL;
+-----------------+----------------+
| tutorial_author | tutorial_count |
+-----------------+----------------+
| mahnaz          |           NULL |
| Jen             |           NULL |
+-----------------+----------------+
2 rows in set (0.00 sec)
mysql> SELECT * from tcount_tbl 
    -> WHERE tutorial_count IS NOT NULL;
+-----------------+----------------+
| tutorial_author | tutorial_count |
+-----------------+----------------+
| mahran          |             20 |
| Gill            |             20 |
+-----------------+----------------+
2 rows in set (0.00 sec)
```

## 正则

|模式|	模式匹配对象|
|:---------|:--------------|
|^	|字符串的开始位置|
|$	|字符串的结尾|
|.	|单个字符|
|[...]	|一对方括号之间的字符|
|[^...]|	未在一对方括号之间的字符|
|p1|p2|p3|	交替匹配模式1、模式2或模式3|
|*|	匹配前面元素的零个或多个实例|
|+	|匹配前面元素的一个或多个实例|
|{n}	|匹配前面元素的n个实例|
|{m,n}|	匹配前面元素的m~n个实例，m <= n|


寻找以 'st' 开头的名称，查询如下：
```
mysql> SELECT name FROM person_tbl WHERE name REGEXP '^st';
```
寻找以 'ok' 结尾的名称，查询如下：
```
mysql> SELECT name FROM person_tbl WHERE name REGEXP 'ok$';
```
寻找包含 'mar' 的名称，查询如下：
```
mysql> SELECT name FROM person_tbl WHERE name REGEXP 'mar';
```
寻找以元音字母开始并以 'ok' 结尾的名称，查询如下：
```
mysql> SELECT name FROM person_tbl WHERE name REGEXP '^[aeiou]|ok$';```
```
